{"mean": [39.067181263207324, 1.572708773577522, 75.68076132895044, 164.93882562416843, 110.7091952336229, 1.9207364796118025, 1.8663809971041716, 0.046656100806136025, 2.8043065664866558, 2.9349612585113877e-05, 0.020574078422164827], "scale": [16.53285358237843, 0.49468518700770964, 92.33861672930044, 83.21719221077915, 132.40133304897606, 0.322813882158789, 1.1294432645849297, 0.21090118317283973, 4.207870788143282, 0.007737722421609177, 0.14195346321680016]}